word,x,y
aai,0.014750748907,0.0203232954995
aat,0.000884604610116,0.00161957634924
ab,0.000477257065683,3.78436066451e-05
abatement,0.00229354072992,0.00280836959121
ac,0.00667982471792,-0.00401091870656
accepted,0.000914360666546,-0.00118090246974
access,0.00349303157942,8.33034016193e-05
accessories,0.0091515115632,-0.0123844987245
accussions,0.000640399804756,0.000161474620509
acessories,0.000745283354042,-0.000899528492605
acm,0.000545748681906,0.000374671869591
action,0.012443747585,0.00416776413427
actitivies,0.00025192494888,-8.38149683232e-05
activities,0.00316779278593,-0.00274275629274
activity,0.000932745846047,-0.00159972050586
acvtivities,0.000851952350239,-0.000961980139263
add,0.00134200792956,0.000171639170436
added,0.000785386502722,0.000183404915524
adding,0.000891777909746,-0.00154490159379
additional,0.00202650181794,-0.000787169967741
addressing,0.000570260119435,-0.00116449951335
adelphia,0.000885118256652,-0.000496062787244
adjust,0.00132257259244,0.00132558414229
adjusted,0.00101958202096,0.000754866307877
advance,7.34280396488e-05,5.11665903636e-05
affect,0.000679723567391,0.00028051136262
afternoon,0.000272141914283,0.000461350367005
air,0.00114558811114,-0.000912441545203
airs,0.00127250491371,-0.00214540241168
aited,0.000230828485508,0.000198103707606
aiting,0.00075711658637,3.53123662655e-05
aladave,0.000829505942153,-0.00158816954258
aldave,0.0620827443037,-0.0201088048352
alk,0.0380921983736,-0.0427329755469
alkpath,0.00147331920018,0.00359506137414
alks,0.01824520112,-0.0280223576889
alls,0.0514060916551,-0.0341056267781
alternate,0.000752501890981,-0.0012565680678
amendment,0.00174850485981,0.000833270657709
amendments,0.00532939134871,0.00747634440836
amercan,0.00196484280653,-0.00190830270226
amercican,0.000202334976436,-0.000209743661437
american,0.0888525411932,-0.0174091994815
amrican,0.000891777909746,-0.00154490159379
anchor,0.00275013102375,-0.000678382047
anchors,0.00101690437927,-7.57233482975e-05
ands,0.000884604610116,0.00161957634924
ant,0.000793380118152,0.000763703590722
ap,0.000192444726877,-8.88532556299e-05
appliances,0.00440260635012,-0.00149663400467
application,0.00186550192771,-0.00239292676765
applied,0.00278571146589,-0.00164791350237
apply,0.00277057033225,0.000220749199267
approaches,0.00120585422607,-0.00105029343495
approval,0.000230828485508,0.000198103707606
approx,0.000114005592028,8.58596990306e-05
approximately,0.000230828485508,0.000198103707606
apr,0.00112744634187,-0.00014537537504
arauco,0.00983513101032,0.00151618550517
arborist,0.000103945185886,8.04053366493e-05
arches,0.000266164358995,2.68745264044e-05
ard,0.00375773875843,-0.00266854853747
ards,0.000877813790996,0.000132536293409
area,0.016698148773,-0.00911623619138
areas,0.0330139483524,0.0339912167175
arrangement,0.000266164358995,2.68745264044e-05
arranty,0.00285058079699,0.001303561363
arrived,0.00145110333163,-0.00142869430964
aruaco,0.00121398294218,0.00070499586256
asbestos,0.00611023862487,0.00748378560039
ash,0.00639992463443,0.00146579384503
ashed,0.000275283859608,-3.1795107762e-05
asher,0.000275283859608,-3.1795107762e-05
ashers,0.000493453258273,-0.000118293630494
ashing,0.00138925596539,-0.00107160829499
asi,0.00555930897658,0.00674946704968
asked,0.000191951612736,-0.000145679167956
asphalt,0.00819979156278,-0.00288407693599
assemble,0.000153110516228,-9.44706718885e-06
assist,0.00841131647563,-0.00672586726666
assistance,0.000657628544121,-0.000853484966768
associates,0.0118799098476,-0.00392050241261
aste,0.00998521113116,-0.010668325926
asxelsen,0.000442282652476,-0.000472256181632
ater,0.050235889337,-0.00821478446744
atered,0.00370001291435,-0.00575179431402
atering,0.00612391494956,-0.00660470734959
aters,0.00194111318262,-0.00196108244769
ath,0.0153694051446,-0.00150685758301
attached,0.000819960872652,0.00132560016573
attend,0.000798056519823,-0.000156904219495
attended,0.00234661061735,0.000473498590014
attic,0.00680486376194,-0.00465849380598
attics,0.00434816704687,0.00329952773744
aug,0.000252338096809,8.87347926595e-05
aw,0.00031605925361,0.000444550920629
axelsen,0.0160108507003,0.00308129729199
axelson,0.000742439042406,-0.000456281081649
axesen,0.00019976673512,1.58295087732e-05
axeslen,0.0001516193456,0.000100436398919
axeson,8.1844795768e-05,-3.0359867818e-05
ay,0.0281260586802,-0.0159934823095
ays,0.0455824074303,-0.0485312269452
backed,0.000524522054777,4.36983018936e-05
backfall,0.000350782023289,-0.000362420819438
backfill,0.0116764773308,-0.00897455192703
backfilled,0.000931840750828,5.62171111044e-06
backfilling,0.00107049000075,-0.00155905336052
backfilll,0.000876470202793,-0.00110739823373
backfills,0.000469980086878,0.00139850365833
backing,0.001504992442,2.21279984658e-05
backs,0.00211288114984,0.00127592273808
backyard,0.00425407922991,-0.00552869669647
backyards,0.00291594942408,-0.00411418509358
bacterial,0.00019726347163,5.27145012142e-05
balance,0.000885035230906,0.00112366646241
balancing,0.000679237379476,-0.00113201458526
ball,0.00275635307069,-0.00411846095858
balloon,0.000241517572508,4.93882315216e-05
balls,0.000120422167721,8.15435907728e-05
ban,0.00063635860133,0.000798786376521
band,0.0009777784597,0.000233688671861
bank,0.00274679140597,-0.0015245201322
banks,0.000534466460889,-0.000483505046383
bar,0.00491170415777,0.000925200813119
bark,0.0158141489274,0.00736620045248
barricade,0.000511494421563,0.00014325521663
barrier,0.00533054476094,-0.00203898443165
base,0.0308127406403,-0.0108303068002
basement,0.00041902023185,-6.32285262677e-05
bases,0.011444074839,-0.0134047795545
basin,0.00163625978807,0.00167226063756
basins,0.000118786846056,-1.5346699399e-05
basket,0.00224930713612,-0.00335358105073
bath,0.00486654414585,-0.00144117791632
bathcrest,0.000726198851476,-0.00123712783664
bathroom,0.00283556693463,-0.000342903917378
batt,0.000439173485064,-0.000781914095546
batter,0.00050311878535,0.000250083164279
batts,0.000464485364122,-0.000597473495901
baxter,0.00952170603779,-0.00827317558313
baxters,0.000725758133951,-0.000215599873317
beam,0.00126058032391,-0.000299962970535
beams,0.00190979604718,-0.000302079074344
bed,0.000748554646505,-0.0006645776957
bedded,0.000874641361988,-0.000856941684693
bedding,0.00155821563464,0.00199995570317
bedroom,0.000913134060978,-0.000540599029731
bedrooms,0.000578027566136,-0.000691620855274
beech,0.000328186146045,-5.01793898658e-05
began,0.000813291713644,0.00109080859539
belly,0.00118696642382,0.000724817055483
belt,0.000277889917058,3.0927342846e-06
bench,0.000574328160469,-0.000645911408284
benches,0.000960402677278,-3.38794604402e-05
bend,0.00116038059846,0.0016793325241
berms,0.000298505224026,0.000298809946916
betw,0.00844098484151,0.000557159512105
bf,0.000247889802361,-0.00016449986472
bibs,0.00147684575626,-0.000206923326044
big,0.000509796467872,0.000599445359802
bike,0.001823201052,-0.00107995273137
bird,0.000572455776088,0.000311748878507
blanket,0.000656752581451,-0.000693068958272
blanketed,0.00107182503062,-0.00196664677026
blankets,0.00862485076688,-0.00472803864043
bldg,0.021647588673,-0.0288098645157
bldgs,0.00457744564715,-0.00679693019048
blew,0.000682173486823,0.000835570638595
blind,0.00165682538422,0.0015446012891
blinds,0.0161826080321,0.00866060598159
block,0.00107698663285,-0.000406512366149
blocked,0.000251334593448,4.87981480016e-05
blocking,0.00350546855158,-0.000898992000303
blockings,0.000357967659873,0.000556569419281
blocks,0.00297919475446,-0.00116985122463
bloop,0.000469766851371,0.000682742094021
blow,0.0108293677769,-0.00867716948739
board,0.00216091542177,-0.00127500098176
boards,0.00117109231188,0.000538291711256
bob,0.000236059586783,4.20910340505e-05
boise,0.000876608909686,0.000617430031363
bolt,0.000155859626175,9.68715162229e-05
bolts,0.00350816720918,-0.000236124057803
boots,0.000327950009829,-4.27431954844e-05
bow,0.00962182930992,-0.00834085232154
bowman,0.0746650791578,-0.0708546498884
bowmans,0.0189298960187,0.0164491106964
box,0.00526731312802,-0.00315397779188
boxes,0.00839510697813,-0.00761151040183
boy,0.000482825999809,0.000999410752374
bracing,0.00019726347163,5.27145012142e-05
branches,0.000733686063997,-0.00106017017899
break,0.00238422080742,0.00233423634113
breaker,0.000277889917058,3.0927342846e-06
breaking,0.00194098701099,-4.44410559955e-05
brick,0.0025819391606,-0.00178474374169
bridges,0.000602783108942,-0.000454345004052
bringing,0.000564355526674,0.00163682292225
broke,0.000256461637002,0.000269031560679
broken,0.00207912367269,0.000658044501968
broom,0.000207352046039,0.000105324995198
brought,0.000272141914283,0.000461350367005
brow,0.000369915798465,-0.000518148350833
brush,0.00217099848032,0.00443470096145
buidings,0.000223589247467,-0.000302699581275
buidling,0.00150197261961,0.000325526802605
build,0.00417099969253,-0.00035466610468
builders,0.0798455918236,-0.0037255444292
building,0.153086189603,-0.0616336495175
buildinggs,0.000810376563529,-0.000984975902385
buildings,0.0708167846778,-0.101406726502
builds,0.000152386489649,-3.75595831186e-05
builiding,0.000704991415973,-0.00111315232526
builidng,0.0028047817326,-0.00359724457342
builidngs,0.00135288853204,-0.00168196133683
built,0.00244389456138,0.000441237659495
builts,0.00123782760297,0.000543753201748
bulb,0.000874261709699,-0.00103535300817
buliding,0.000630537138312,-0.00148574543623
bull,0.00060981707616,-0.00106131313196
bungalow,0.0097182052931,-0.00287222085223
bunglow,0.000191192826495,-0.000103719003409
burial,0.00236796763427,-0.00260256652295
buried,0.00109802515294,-0.000427975863347
burms,0.000194854954946,-1.28686595611e-05
burnt,0.000427868497161,4.92927216347e-05
burring,0.000695997342282,-0.000452199608518
bury,0.00384319587956,-0.0022679206083
bus,0.00455662612765,-0.00476503167093
bush,0.00060481349333,0.000138988992955
busted,0.000206236136846,1.51982158598e-05
butts,0.000580936214612,0.000142525406957
cabinet,0.00201446349018,-0.00122768009132
cabinets,0.0277484830992,-0.0262079194513
cable,0.0107519088164,-0.0140532185267
cables,0.00452989645025,-0.00575165678486
cal,0.000446303178486,0.000103352521864
called,0.000256526017186,0.000267455432441
calling,0.0001516193456,0.000100436398919
cancel,0.000517418380932,-0.000987808539756
canceled,0.000223429758896,-6.97424430597e-05
cancelled,0.000259244399189,-8.24276819926e-05
cans,0.000456247839462,-0.00011765417511
cap,0.00028782680472,0.000612841693547
caping,0.000357967659873,0.000556569419281
capped,0.000733686063997,-0.00106017017899
capping,0.00190753858259,-0.00283518154007
caps,0.000303452746105,0.000540950695505
carp,0.00571990632378,-0.00615320446256
carpenter,0.00100219719181,-0.000998470261784
carpentry,0.0480736327822,-0.0510728200681
carpet,0.0504190286168,-0.0287131960769
case,0.00465237954342,-0.00681428945211
casings,0.000719887982486,0.00156830757695
cast,0.000342201153096,4.19025294517e-05
cat,0.000862353756578,-0.00126217689159
catch,0.00161499835696,0.000619901266477
catchbasin,0.000299572623529,0.000171714146984
cathodic,0.005590754196,-0.00786468991724
caught,0.000859043249435,-0.00158949971322
caulk,0.00974375868906,0.000878029951247
caulked,0.00054922035698,0.000139622097825
caulking,0.00259811985089,-0.00317957804673
caused,0.0946684074882,0.0649492977785
causing,0.000589815897068,0.000167765179011
cb,0.000177308930558,0.000295222916728
cbs,0.000135670553487,0.000101491063558
ccs,0.000461647796717,-3.62370260676e-05
ceiling,0.00627207999525,-0.00373501023035
ceilings,0.000823472071889,0.000713026206274
celutex,0.000561833312471,0.000420186569656
cement,0.000415289598789,0.000597367880643
center,0.00568201343512,-0.00377463443165
centered,0.000503821832169,-2.61345478901e-05
centers,0.000854604394879,0.000637045200839
central,0.00891216382062,-0.0079521988889
cforbes,0.020097789167,0.0182618365201
ch,0.00166533478887,0.000388431473064
change,0.0078224313546,-0.00457835569616
changed,0.000223429758896,-6.97424430597e-05
charge,0.00551426115631,0.00173818222282
charles,0.00610456617277,-0.00390880826233
chase,0.00117691292173,-0.00123866468075
chases,0.00222052466771,-0.00192282119723
check,0.0129440963059,0.00118857397528
checked,0.00149987108594,-0.000174918971719
checking,0.00121032607945,-0.00130420710717
checks,0.0010919074382,0.000420992763126
chimney,0.000830964062527,-0.000636964591428
chlordane,0.000210200586847,0.000175787226369
chlorinate,0.000392895774669,4.4489751433e-05
chlorinated,0.000122218315859,-4.85000677652e-05
chlorinating,0.000286748725128,9.12830235311e-06
chlorination,0.000803428164176,-7.0600331285e-05
chlorine,0.00133030100316,-0.000190109971828
chlorox,0.000678531626684,0.000345119873549
chunk,0.000348243776875,-0.000550292557814
chunks,0.000826075068836,-0.00141668909318
circle,0.00175818596683,-0.00304383053523
city,0.000455983806282,0.000895724381828
classification,7.34280396488e-05,5.11665903636e-05
cleaned,0.00561952621094,-0.00330226560215
cleaning,0.0303354520809,-0.00639996168887
cleanup,0.00608875864402,-0.000237669559695
cleared,0.000201019139036,-6.67563798724e-06
climate,0.000412219651216,4.11808083635e-06
clips,0.00160056616564,-6.46125018342e-07
clock,0.000657628544121,-0.000853484966768
closet,0.000247889802361,-0.00016449986472
closing,0.000139772995322,-0.000110674918613
clubhouse,0.000231931736639,0.000137235404361
clutch,0.000187936848613,0.000123189749705
coast,0.000724897341766,-0.00157389714307
coat,0.000821226422804,-0.00107584519459
coe,0.0022123698474,0.000467388452644
cold,0.00427566314566,-0.00295089982698
collapse,0.000259244399189,-8.24276819926e-05
collars,0.000958778618026,-0.000152272811571
collecting,0.000805521202998,-0.000578620963836
collector,0.000297983073944,-0.00022831019742
column,0.0159176454076,-0.0141558950204
columnns,0.00064346771544,0.000147284593112
columns,0.0192853858352,-0.00673246463092
coming,0.000138197191893,8.39216951689e-05
comm,0.00113455197092,0.000952864323095
common,0.0375819957993,0.0327393566141
communication,0.0024311594414,-0.000549609188806
communications,0.00121372230753,-0.00122916509824
communitcation,0.000657280220911,-0.000571075740601
compact,0.00748220211999,0.00504530691013
compacted,0.00103112180761,0.00279217404768
compacting,0.00104781766374,0.00124833832117
compaction,0.0039169791446,-0.000144238702235
company,0.000139772995322,-0.000110674918613
complete,0.0113301193329,-0.00375148323708
completed,0.00389091897922,-0.00395478916237
completely,0.000462325264941,0.000564181243406
completion,0.000807341229879,0.00117764618002
compound,0.00115891787804,1.49126924576e-05
concentrated,0.000276566970858,-5.38560422957e-05
concrete,0.0508937747106,-0.00429287514472
conctractors,0.000630537138312,-0.00148574543623
concuit,0.000218686420163,0.000616904196148
condensate,0.000806521802507,-0.00126219158378
condenser,0.00078481917782,-0.000919441106861
condensers,0.00129119057751,-0.00147122576793
condition,0.000103945185886,8.04053366493e-05
conditions,0.0056535710806,-0.00193988327605
conduct,0.000829505942153,-0.00158816954258
conduit,0.0171053632943,-0.0179366138684
conduits,0.00553857481923,-0.000604160558702
conex,0.0021771787254,-0.00282745977873
conflict,0.000225104165624,0.000192284589992
confusion,0.000218686420163,0.000616904196148
connect,0.000960236269557,-0.000286890626206
connection,0.00178638518248,0.000747561742694
connex,0.0022839603535,-0.00120887645188
const,0.000220284118946,0.000153499771091
construct,0.000544523090099,-0.000828284568677
construction,0.127766205346,0.095702148904
constructoin,0.00062639952557,-0.00107643316855
cont,0.000146856079298,0.000102333180727
contact,0.000264044542124,-1.14719113852e-05
contained,0.000331743358193,0.000455607481534
contaminated,0.00151899068792,0.000350368160802
continue,0.001290522655,0.00123449656874
continued,0.000746371937526,-0.000210125677023
contracors,0.000321268634459,6.30602440207e-05
contract,0.0950728180279,0.06851912347
contractor,0.0618688739693,0.135858505773
contractors,0.127526526146,0.0458896337115
contrators,0.00129681523635,-0.00235475467972
control,0.0635185518684,0.107990190383
contruction,0.00269411140066,-0.00423114078193
contstruction,0.00166635785925,-0.00298188987016
conveyor,0.000259244399189,-8.24276819926e-05
cool,0.000539637399009,0.000288967747022
coordinate,0.00188683278822,0.00105051113267
coordinating,0.000240435700101,-0.000129480505743
coordination,0.00176847627247,0.000761296136118
cord,0.00168973240768,-0.000778977973979
cords,0.00413763455192,-0.00213644187569
corner,0.00449290271207,-0.0054141171325
corners,0.000574328160469,-0.000645911408284
corrected,0.000146856079298,0.000102333180727
correcting,0.00262902329085,-0.00322820394634
correction,0.00172612297587,-0.00199185783054
corrections,0.00259756892793,-0.00111996228457
corrective,0.000383810973882,-8.64582715627e-05
costs,0.000103945185886,8.04053366493e-05
cot,0.000703279900207,-0.00124196490554
couldn,0.00159062129205,0.00122927839986
counter,0.0030429693197,-0.00401487532436
countertops,0.00620430625643,-0.00567750136951
couple,0.000288626644142,0.000498938642401
couplings,0.000272141914283,0.000461350367005
court,0.00275635307069,-0.00411846095858
covel,0.000256282861524,-0.000235465620031
cover,0.0103013683503,0.000965301361266
coverages,0.000274249514801,8.10704341696e-06
covered,0.000735726803267,-6.10195732759e-05
coverer,7.34280396488e-05,5.11665903636e-05
covering,0.00162941846773,0.00229836093648
covers,0.0133824422577,-0.0108816055079
cow,0.000482825999809,0.000999410752374
cp,0.000650821563528,-0.00102781389948
cracks,0.000918799656014,0.00101917511366
crane,0.00147084964018,-0.000140265618537
craned,0.000671785951046,8.01272200595e-05
craw,0.0332253906176,-0.0271999020234
crew,0.00142606223932,-0.000182236621672
critical,0.0376065818161,-0.00226735406237
crossing,0.00945743826388,-0.00889685060616
crossings,0.00051705566356,6.97721920091e-05
crossw,0.000459134074225,-0.00071032962641
crunching,0.00117192471383,0.00166465918936
crush,0.000573339519864,0.00188894146792
crushed,0.0053306583309,0.00532905711881
crusher,0.0115320513118,0.010977350115
crushers,0.000570190639116,0.000705646334437
crushing,0.00114029231371,0.00112311104752
cul,0.00330942373772,-0.00114923439569
cultered,0.00078930232102,-0.000416967854455
curb,0.0285977593585,0.0122655162249
curbed,0.00080541033047,0.000498020741612
curbing,0.00450985493881,-0.00354501237838
curbs,0.00321425935452,-0.00287586983926
curtain,0.000526610002897,-8.14820323608e-06
curtis,0.000703176669332,-0.00128812372481
cusher,0.000177308930558,0.000295222916728
custom,0.018825373896,-0.00807834154119
cut,0.018650581966,-0.0024539739932
cuts,0.000453196298834,0.000406965897619
cutting,0.00431813306317,-0.00358088260883
daho,0.00078930232102,-0.000416967854455
damage,0.0037993228931,-0.0011150062209
damaged,0.00241828885556,0.00268948405618
dampers,0.000734487971264,0.00105331944839
daping,0.000550647127128,-0.00090966786991
date,0.00728513345684,-0.00149768061357
dates,0.000146856079298,0.000102333180727
day,0.0125042193172,-0.00444724781233
debris,0.0118931773632,0.0140261568354
deck,0.000659239883416,-0.00117087965258
decked,0.000445093513404,0.000501628018766
decking,0.000403791222409,7.42782855354e-05
decurdment,0.000404422706505,0.000254250740324
deep,0.00099029777068,0.00065935689882
defector,0.000222292354062,-6.34364317532e-05
deficiency,0.00048271089772,-0.000836952327662
degree,0.00145825067155,-0.000260522683172
degrees,0.000202048174465,3.61854782023e-05
delay,0.101396940623,0.0654970205786
delayed,0.00947862259801,0.00328289363664
delaying,0.00132288083174,0.000783075302353
delays,0.00356630474311,0.00265734621842
deliver,0.000564247978272,-0.000434099809754
delivered,0.00085863994317,0.000689260630816
delivery,0.00209194175565,-0.00274262294812
demo,0.0197507053508,0.0238798391617
demobilization,0.000347497908143,-0.000124006109953
demobilize,0.000336448567913,-0.000173630001136
demolish,0.000251334593448,4.87981480016e-05
demolished,0.00622754073349,0.0095922104296
demolishing,0.000261815705993,-0.000102964966948
demolition,0.00143881531585,0.0019794824258
depot,0.000793937749619,-0.000946148502734
depth,0.00177012449326,-0.00136891812429
depths,0.000853448185076,0.00215493969804
destroyed,0.000346100357768,-0.000295580659378
detector,0.000703279900207,-0.00124196490554
didn,0.000605350408748,0.00038005607134
dig,0.0108085165988,0.00158685686008
digging,0.00611630324041,0.00373856517167
digs,0.000191192826495,-0.000103719003409
directed,0.000264044542124,-1.14719113852e-05
director,0.00019976673512,1.58295087732e-05
dirt,0.00763551811658,0.010622638437
dirty,0.00157486960152,0.00182946037279
discuss,0.000152386489649,-3.75595831186e-05
dishw,0.00115809163627,-8.17447757445e-06
disinfection,0.00133053347397,-0.0020246353923
disposal,0.000732997517046,-0.00106423528782
distribute,0.000527948276721,9.03506690007e-05
distributed,0.000396751546711,-0.000333280153169
ditch,0.000688920233645,-0.000830349395111
diverters,0.00125530399063,-0.00138943042787
dmp,0.000717399520996,-0.00129984399794
doctor,0.000277889917058,3.0927342846e-06
document,0.0001516193456,0.000100436398919
door,0.0379448018901,-0.0138262751843
doors,0.0651824627464,-0.041533033732
doorw,0.00101964185694,-0.0012120114823
dormer,0.00242843764213,-0.00205919750327
dormers,0.00260853124417,-0.00112546779305
double,0.000724065630299,0.000604988790111
dow,0.00607752454608,0.00835247493824
draft,0.00113449269736,-0.00127540721737
drag,0.000802432754196,0.00144379915058
drain,0.0269383851339,-0.0250855220369
drainage,0.000863665135559,-0.00105234398576
drains,0.00338970130966,-0.00230037031136
dress,0.000895807752866,-0.000609511401559
dried,0.0018963412782,-0.00240746561448
drill,0.00205290680224,-3.85712181345e-05
drilled,0.000400515163459,0.000229917771102
drilling,0.00343249118597,-0.00444715485942
drinking,0.00176664267557,-0.00156738404135
drip,0.0138080180542,0.00815692872284
drive,0.00221059856842,-0.00269748692331
drives,0.00672276376362,-0.0115921394583
drivew,0.0622964718014,-0.0564351603927
driving,0.000884604610116,0.00161957634924
drop,0.00267693918379,0.000842947672361
drops,0.00131370096146,-0.00203217027347
dry,0.0309260536707,-0.0369185756834
dryall,0.00154558567863,-0.0014368990339
dryer,0.000303452746105,0.000540950695505
dryin,0.00131959280725,-0.00138969254348
drying,0.000471265273761,7.69417300932e-05
drypack,0.000684917260677,-0.000699080778609
drysheet,0.00162789351363,-5.30541096311e-06
drysheeting,0.00130712912145,-0.00174056542311
dryw,0.0161662027623,-0.0109901384897
drywal,0.000630537138312,-0.00148574543623
drywall,0.0786367363245,-0.0755721022296
duct,0.00892549347672,-0.00647009973506
ducts,0.00408827601804,0.00332338927576
ductw,0.00341787992783,-0.00492686236606
duff,0.000723018782282,-0.00105135181546
dug,0.00358123187492,0.000717493209474
dumb,0.000256140025527,-7.24744455108e-05
dump,0.000780442721936,0.000901287115718
dumpster,0.000564838415596,-0.000130055804523
dumpsters,0.00238032349943,0.00114543226499
dune,0.000574328160469,-0.000645911408284
dust,0.0190812825845,-0.0111463947289
dvw,0.000459134074225,-0.00071032962641
dwv,0.00774801375406,-0.00529340388197
décor,0.00064122854237,-0.00106356567769
early,0.00353911792289,-0.00220045203677
earth,0.000853448185076,0.00215493969804
earthview,0.000993111029235,0.00318022548868
east,0.184339396491,-0.238664220533
eastloop,0.00335078088501,-0.00329328777262
eastw,0.000714392233612,-0.00110079131919
eat,0.000240755025817,-1.71293415799e-05
eather,0.0293757645087,0.0134384752881
eathered,0.000352267118941,0.000514597974242
eating,0.000259244399189,-8.24276819926e-05
eave,0.00103000279096,-0.0011444856391
eaves,0.00165850871352,-0.00298457520744
ect,0.00057411299804,2.64051773332e-05
ed,0.00492308597775,-0.00412933490849
edge,0.000741649005214,-0.000137048697971
edging,0.0105445869316,0.0076884502574
eed,0.000471313328066,-9.38452121454e-05
eeded,0.00023071167651,3.40990585796e-05
eeding,0.000288626644142,0.000498938642401
eeds,0.00274368573754,-0.00221702077249
eek,0.000192444726877,-8.88532556299e-05
eeks,0.000223429758896,-6.97424430597e-05
een,0.00844098484151,0.000557159512105
eep,0.00364701208333,-0.000485620325852
eeping,0.00078481917782,-0.000919441106861
eip,0.000350324254369,0.000544149105252
electric,0.131584403671,-0.032878426423
electrical,0.0151337415047,-0.00832532687985
eletric,0.00649330300345,-0.0093306778799
elevation,0.00019976673512,1.58295087732e-05
elevations,0.00360023476413,0.000365906681299
ell,0.000267020825881,0.000768172777371
ells,0.000944698370558,-0.000562389324322
embed,0.000290477715575,-1.08996715347e-05
embeds,0.00185214467128,6.81369531954e-05
emergency,0.000955441541423,-0.000977011587058
emlsion,0.000192756832418,0.000244254683986
employees,0.000793269596589,-0.000277533616158
employer,7.34280396488e-05,5.11665903636e-05
emulsion,0.00859718240228,0.000872229952906
enclosure,0.00185680783119,-0.00161787651969
encountered,0.000886531222677,-0.000154934343857
ends,0.00112446026541,0.000795221383041
energize,0.000768288551274,0.000169905768494
engineer,0.000220284118946,0.000153499771091
ensure,0.00030204121623,0.000575580365864
enterpise,0.000782397324278,-0.000983504550197
enterprise,0.0884642474916,0.0185605479598
enterprises,0.00275109530986,0.00065008050256
entire,0.000263984238809,1.91443273722e-05
entrance,0.00206846406449,-0.00274576679197
entries,0.000932887060669,-0.00116250926017
entry,0.00389383252743,-0.00446933445735
environmental,0.000208604675472,0.000225921474389
epoxy,0.000512064102882,0.000273544359627
equipment,0.00696425143306,0.000274232939602
equipt,0.000879829813675,0.000927080290607
er,0.0282232513661,0.000154763172355
ere,0.00371786684641,-0.000490782618461
erect,0.000350403142065,0.000135344468194
erecting,0.000912135275685,-0.00115041285968
erection,0.000152533809886,-8.5450471942e-06
ered,0.000854604394879,0.000637045200839
ers,0.000644629888188,-0.000168773250751
escort,0.000236059586783,4.20910340505e-05
escutcheons,0.000415480725285,0.00037385218736
esso,0.0025622446451,-0.000712036773354
est,0.09145798279,-0.110331815353
estern,0.000207352046039,0.000105324995198
estloop,0.00161119293046,-0.00209770610181
ethic,0.000300416874419,0.000257433317545
evening,0.00048271089772,-0.000836952327662
evergreene,0.079902721171,0.0610986909589
everyw,0.00023071167651,3.40990585796e-05
excation,0.000270635912961,7.09260846382e-05
excavate,0.0010341644407,-0.00134662160034
excavated,0.000894272951767,-0.000769983456354
excavating,0.000856827961857,-0.00101142857284
excavation,0.00870996569336,-0.00825004095016
exchange,0.000753711566502,-0.00079791161922
exhaust,0.00105620520859,4.87709051929e-05
exit,0.00123198937167,0.000591354793443
expansion,0.000544523090099,-0.000828284568677
explain,0.000529151044513,-7.07125796681e-05
expose,0.000138197191893,8.39216951689e-05
exposing,0.000825581482854,-0.000682936985367
ext,0.000192444726877,-8.88532556299e-05
exteior,0.000561833312471,0.000420186569656
extended,0.000195250256708,-4.66664651631e-05
extension,0.00019726347163,5.27145012142e-05
exterior,0.0338865858903,-0.0180694987405
exteriors,0.000945981588251,-0.000605475750286
extinguishers,0.000708247301549,0.00062249303232
extra,0.00955551408537,-0.00502290376542
eye,0.000610639637674,-0.000485505711873
fabric,0.0235571137498,0.0146724299698
fabrics,0.00042409297583,0.000588062382698
facia,0.000605619871038,-0.000615464869525
facilities,0.000160145167125,4.50772788187e-05
fad,0.000221046001565,-0.000166999878875
falcon,0.0037950689939,-0.00467687134398
fall,0.00030204121623,0.000575580365864
family,0.0623243567358,0.138439927082
fans,0.0041342844038,-0.0011980979149
fascia,0.0668584197684,-0.0788437389179
fasica,0.000734650839648,-0.00048985879467
faucets,0.00124060048733,0.000518145802392
fault,0.000213585951004,-6.95070948772e-05
faults,0.000415480725285,0.00037385218736
faxed,0.000153067100353,4.26837371783e-06
fdn,0.000219271945302,-4.88056374185e-05
feb,0.00151758415357,7.54514288583e-05
feed,0.000382541702001,0.000126474786068
feeder,0.00032885991466,0.000126672701555
feeders,0.000531207541793,0.000142132978686
feeds,0.00132715888988,-0.00194513270652
feet,0.000246571345634,0.000189827475727
felt,0.00237855308646,-0.00214634714767
fence,0.0199989149968,-0.0159361032973
fenced,0.000788175482969,0.00105850653006
fencers,0.000400515163459,0.000229917771102
fences,0.00259693681237,0.000867766680198
fencing,0.00718185305706,-0.000738272342213
fertilize,0.000863432453195,-0.000984753783583
fetch,0.00102195025097,0.000547375923264
fiberglass,0.000540842715223,-0.000622794865386
filing,0.000294890654119,-2.55739032073e-05
filled,0.000559303981859,-0.000554162170496
filling,0.00114082765216,-0.00124976325507
filters,0.00168117568174,-0.00247078459946
final,0.00485281214542,0.000529397551222
finish,0.108981820379,-0.111556457671
finished,0.01359496007,-0.00596331115209
finisher,7.34280396488e-05,5.11665903636e-05
finishes,0.00111326201571,-0.00120761640024
finishing,0.00219887000413,-0.00198430109348
finsih,0.000622669326162,0.000868334217175
firew,0.0269116633792,-0.0325351758149
fitting,0.000395056610822,7.63492842831e-06
fittings,0.000152533809886,-8.5450471942e-06
fix,0.0202795378769,0.0110028664903
fixed,0.00234049917563,0.000719275545489
fixes,0.00486741454114,-0.00310529238935
fixing,0.0010285783521,-0.00231943466745
fixture,0.000810376563529,-0.000984975902385
fixtures,0.000681942815798,-0.000845885190307
flagging,0.000459134074225,-0.00071032962641
flashing,0.00259274992948,-0.00235097478749
flashings,0.000820700617781,-0.00112550193023
flat,0.00194036708568,-0.00110213835005
flatw,0.00047188738776,-0.000125796666783
flatwork,0.000178866598184,-9.44520597604e-05
flex,0.000853448185076,0.00215493969804
floor,0.0367931846359,-0.0334919876102
flooring,0.0105905947002,-0.0101676422242
floors,0.0271069501924,-0.0223163341209
flow,0.000585751145205,-4.80866135314e-05
flue,0.000929326661665,-0.00102918704985
flues,0.000308739124268,-0.000127071872251
flush,0.00149362911736,0.000416144327063
foam,0.00219377192534,-0.0026982443388
foe,0.000724897341766,-0.00157389714307
folding,0.000444112621033,0.000360303988241
follow,0.00119658871657,0.000796265114487
fomr,0.000553913479718,-0.00124191729197
footer,0.000472119173567,8.41820681009e-05
footers,0.000223429758896,-6.97424430597e-05
footing,0.0192987957216,0.00685227382683
footings,0.017919426008,0.00369771869619
forbes,0.0773125812939,-0.0715486302277
fore,0.000615015112382,-0.000135746149563
foreman,0.000731142526076,-0.000408938524747
forklift,0.000649574343005,-0.00070942683322
form,0.0250133790228,-0.00898390756598
formed,0.00621751996496,-0.00262255734094
forming,0.0206016046394,-0.0257795098171
forms,0.0161609433172,-0.00485382011699
formw,0.00199144242043,0.00225450650145
forrest,0.0147595804325,0.00800581141745
foundation,0.00573655694008,-0.00613428095625
foundations,0.0154550055241,-0.00411632357159
fountain,0.00176664267557,-0.00156738404135
fountains,0.000781445412677,0.000208853128171
frame,0.00417114516893,-0.00354642093207
framed,0.00214796153177,-0.000409194433952
framer,0.00019726347163,5.27145012142e-05
framers,0.00158686257288,-0.000847527304154
framing,0.100630172341,-0.104836224068
freezing,0.00146567897477,0.000676081746153
friable,0.000114005592028,8.58596990306e-05
friday,0.00355526419926,-8.2012961171e-05
fronts,0.00190349466319,0.000627863477626
frosted,0.00160483242462,-0.00060158142708
froze,0.000101024087233,1.80927391012e-05
frozen,0.0200418578787,0.00621467956744
fuel,0.000890608412685,0.000597178664193
fueled,0.000276566970858,-5.38560422957e-05
fumes,0.000567152316287,-0.000848313286176
fur,0.000290477715575,-1.08996715347e-05
furnace,0.0152827031578,-0.0190520360794
furnaces,0.0270875595685,-0.0165570003291
fuses,0.00142641234331,-0.000524438871833
fusion,0.000272141914283,0.000461350367005
gable,0.00182810805757,0.00027600387977
galvanized,0.000202334976436,-0.000209743661437
gaps,0.000541170474809,0.000385095131524
garage,0.0321401535096,-0.000561619695544
garages,0.0216190044345,0.000528862297041
garbage,0.00171210717672,-0.000775170653474
gas,0.0310581490457,-0.00640095917261
gate,0.00150659780624,0.000992587638023
gates,0.0100011163089,-0.00435696149522
gather,0.00343663746928,0.00324949031898
gathered,0.000261815705993,-0.000102964966948
gathering,0.000656752581451,-0.000693068958272
gazebo,0.000765354282344,-0.000949998354326
gear,0.000553913479718,-0.00124191729197
general,0.00829139780715,0.00356962548703
generator,0.00465807374558,-0.00518804667405
generators,0.0276068608571,-0.0317853012632
genuine,0.00952767207031,0.0043125882579
gfcz,0.000427868497161,4.92927216347e-05
glass,0.00828515772763,0.00543419524168
gold,0.00110522285723,0.00193552139998
golf,0.00238829000335,0.00553015348045
grade,0.0332550322192,-0.0129342319803
graded,0.000310888390742,4.56892352478e-05
grades,0.00327493356892,0.00106462697581
grading,0.0163684467296,-0.017575788147
grass,0.00225473242828,-0.00234300268732
gravel,0.0123222555311,-0.00946578019195
grd,0.00138697693,-0.000432920118684
grds,0.000321527311549,0.000270457781159
green,0.00134877482364,-0.000124862169042
greene,0.000153110516228,-9.44706718885e-06
grid,0.000277889917058,3.0927342846e-06
grills,0.00908314227967,0.00330254351572
grind,0.00370262813475,-0.0020629008926
grinder,0.000286748725128,9.12830235311e-06
grinding,0.00118547310997,-0.000982765984111
ground,0.0217661995807,0.00573696787096
grounding,0.00336677634457,-0.00202495293554
grounds,0.00286173387581,-0.00099138991127
group,0.000367440563418,8.92305624155e-05
grout,0.00313105098403,-0.00492616583706
grouting,0.000618068742292,-0.000594057681271
grouts,0.00121895753374,0.000938177012905
guard,0.000790673349905,-0.0012075267995
guards,0.00107320746458,0.000602278831519
guide,0.000461404208193,0.000268086573595
gutter,0.00970388486055,0.00435246702516
gutters,0.00132155791876,0.00298360941695
guy,0.000646674975423,-0.00103401565425
guys,0.0011056878969,-0.000204096902488
gwb,0.00143331007495,-0.00178731612619
gypson,0.000564247978272,-0.000434099809754
hamilton,0.00473685555545,-0.00778025095863
hammer,0.00162501385081,0.00087624763837
hampered,0.000648429807943,8.84788455194e-05
hand,0.0026060444077,-0.00102640662632
handing,0.000774524034645,-0.000823688715716
handles,0.0022815300435,0.000484781287059
handrail,0.00526586433428,-0.00515668287125
handrails,0.00255944246292,-0.00177798919351
hang,0.0304647902394,0.00233308107279
hanger,0.000659239883416,-0.00117087965258
hangers,0.00158259815922,-0.00117123001988
hanging,0.0617285594415,-0.0742299318713
hard,0.00296565478477,0.00255752190369
hardfill,0.000201019139036,-6.67563798724e-06
hardw,0.0416794855304,-0.0178929807999
haul,0.00616898498505,0.000736362097059
hauled,0.0054989402913,0.00613679395939
hauling,0.0134390321129,0.0107893695013
hauls,0.000264044542124,-1.14719113852e-05
head,0.00188670168586,-0.00105817440418
headers,0.000643998862574,-0.000510528455673
heads,0.00800545044433,0.00749317970864
heat,0.00232887671141,-0.000802824772895
heater,0.0148200235959,-0.0121291701942
heaters,0.0438648017893,-0.0327510154391
heavy,0.00130272043287,0.00148821601835
heelw,0.00121387476242,-0.000833039654435
height,0.000237064775168,3.04453823222e-05
held,0.00124318735986,0.000165165235464
helped,0.00137123113165,-0.00206639011455
hems,0.000746789966502,-0.000439539929608
hen,0.000440205242183,-6.18774669399e-05
hickey,0.00149188234651,0.000726587914128
hicky,0.000153110516228,-9.44706718885e-06
high,0.00337373287409,-0.00348911291964
hoe,0.000540566246455,2.10926649786e-06
hogan,0.0764926406085,0.104734542645
hold,0.000120134971956,7.73513412165e-05
holder,0.000372132776297,0.000606791783742
hole,0.018320143564,0.0056149276522
holes,0.0128646094857,0.000921521623598
holing,0.00155875449451,-0.00111988542598
home,0.00599144660208,-0.00459022099234
homes,0.089239168224,-0.0177072086159
hoods,0.00224921989785,0.0015563580313
hook,0.00744442982211,0.000178758388435
hooked,0.00159349018597,-1.74161501466e-05
hookup,0.000222292354062,-6.34364317532e-05
hookups,0.000486636308886,0.00022730873549
hose,0.00147684575626,-0.000206923326044
hot,0.00145688530838,-0.000148210475544
hour,0.00129465452635,0.000350047612329
hours,0.00457436337529,0.00117613306523
house,0.00202972904196,-0.00135480507526
houses,0.00753167951776,-0.00913644899442
housing,0.0624576143486,0.137723290689
hubs,0.000454954502765,-0.000221460486245
hung,0.00429129485079,-0.00173811319947
hunt,0.0655797367614,-0.0165118371618
hurricane,0.00113911254951,-0.000140525887167
hvac,0.00166034691213,-0.000975134136978
hydrant,0.00259376054271,-0.00136222880269
hydrants,0.00374193059019,-0.000277824562997
hydrate,0.000402107297302,5.89687397143e-05
hydrates,0.000740873496739,0.000494414899099
hydro,0.000534466460889,-0.000483505046383
ice,0.000872781467156,-0.000380814756787
idaho,0.088639830626,0.01770841545
ide,8.53698778532e-05,4.48278931744e-05
ignite,0.000722056247514,-0.000733355198319
illow,0.00110522285723,0.00193552139998
imbeds,0.000944455783927,0.000571488565934
impact,0.00177463050306,0.00198756625433
impacted,0.00717669045848,0.00538976268027
inch,0.000683547095747,2.70253159549e-05
inclimate,0.00910233536621,0.00652325915557
inclimated,0.000589815897068,0.000167765179011
included,0.00117976822387,0.000742783072368
including,0.00136567950618,-0.00168155511777
incomplete,0.000729732769575,-0.000977055343174
ind,0.00408951393554,-0.000367637129014
indow,0.0163051062188,-0.00639969148689
inds,0.00222398222966,-0.00156449600589
indy,0.00116636665268,-0.00214301667152
inexperienced,0.000240435700101,-0.000129480505743
ing,0.00596250092224,-0.00591819416504
initial,0.00119086971976,-0.00149134210282
inlet,0.000630537138312,-0.00148574543623
inlets,0.00216143371556,0.00189451617419
ins,0.00433643546599,-0.00513411734695
inspect,0.00113470929424,0.00254423597908
inspected,0.000593969263622,-0.000900785495384
inspection,0.00212029590941,-0.00297693615286
inspections,0.00145028293837,-0.000795165939261
install,0.0805078162391,-0.00285709397018
installation,0.0162360312062,-0.0135313575894
installed,0.0189978505114,-0.00662881381551
installer,0.000854912835232,-0.00162053660513
installers,0.000223589247467,-0.000302699581275
installing,0.0436128623413,-0.0475516704943
instructed,0.000173050178884,-0.000147790329689
insulate,0.0280602560692,-0.0292588774848
insulated,0.00344716806106,-0.00449456899752
insulating,0.00365689842476,-0.00284161948713
insulation,0.0781744029455,-0.0639188868813
insulations,0.000888593064039,-0.00136917352258
insultation,0.000900301154591,-0.00132461394959
int,0.0001516193456,0.000100436398919
interior,0.0323130348902,-0.0323132327778
interiors,0.000397672249715,0.000455785900003
intermountain,0.000312112181902,0.000682306464874
internal,0.000642736374185,0.000389886718488
internet,0.000676762089422,-0.0010640365778
intersection,0.000485875947269,-0.000541183397
interview,0.000225231478602,-0.000101735882694
inventory,0.00345506255994,0.000686452885377
ion,0.000404422706505,0.000254250740324
ipc,0.000259244399189,-8.24276819926e-05
ire,0.0117121596967,-0.00754277000594
ired,0.000732997517046,-0.00106423528782
ires,0.000981705485651,-0.000119001959319
iring,0.00253169758049,-0.00198552528194
iron,0.00129299858374,0.000445407874985
irrigate,0.000493453258273,-0.000118293630494
irrigation,0.0424417352548,-0.0465629744305
irritation,0.00221545698602,-0.00387054202454
island,0.00171886637992,-0.00224392176575
islands,0.00216278339256,-0.00317726661219
isolate,0.000524522054777,4.36983018936e-05
issued,0.000146856079298,0.000102333180727
issues,0.00164738044128,-0.00144271373825
itch,0.00183627451421,-0.0018990432277
itches,0.00178337023075,-0.00133271571703
item,0.00449975152951,-0.00496270179552
items,0.0282101461529,-0.0252269275499
ith,0.0109096103112,0.00365931198563
itnessed,0.000318725255031,-8.12626183447e-05
jack,0.000813940795456,0.00108938758092
jambs,0.00660759268496,0.0030192852958
james,0.000681942815798,-0.000845885190307
jams,0.000790287011775,0.000815640763535
jan,0.000649805547197,-0.000518672797007
jb,0.0680895376722,-0.0548976379516
jbolts,0.000135670553487,0.000101491063558
jcb,0.000547427615945,3.02754940044e-05
jd,0.000264728240881,0.000129309517515
jim,0.000915572050649,0.0012268844932
job,0.00243713493047,0.0024554751947
jogging,0.00959888401643,-0.0114376991741
joint,0.00105098338758,0.000208283202309
joints,0.00115259083869,-0.00142300739416
joist,0.00621936199932,-0.00289914256183
joisting,0.00025192494888,-8.38149683232e-05
joists,0.00145741109453,-0.00140296180741
jorge,0.000259633575561,-0.000237766242597
juan,0.000331743358193,0.000455607481534
juggy,0.000713660107285,-0.00105733666349
jul,0.0011418774415,0.000469822974044
jumps,0.00152430218157,-0.00115665306894
jun,0.00112143410179,0.000339316607003
kerf,0.000404081574863,-1.49808552585e-05
kickers,0.000165693695467,6.7625639875e-05
kitchen,0.0229190199852,-0.0227098798461
kitchens,0.0125702432072,-0.00315086856324
knock,0.00133678651883,0.000986726940662
komatsu,0.00019726347163,5.27145012142e-05
labeled,0.000761668987053,0.000202052973013
labor,0.00141206140863,-0.000760749443718
laborers,0.000367140198244,0.000255832951818
labs,0.00118493524827,0.000779885868364
ladder,0.000299572623529,0.000171714146984
laid,0.00371908127222,-0.00472362307067
lake,0.000455983806282,0.000895724381828
lamp,0.000817037521274,-0.000489211389397
land,0.00119392177413,0.000653329666028
landfill,0.000926308833176,0.000315808616386
landing,0.000646674975423,-0.00103401565425
landsape,0.000497761107739,0.000153829836047
landscape,0.0847128513178,-0.0770689739885
landscaping,0.0683745119221,0.110567422788
lanscaping,0.00209241493915,-0.00311107927356
laser,0.000831071041154,-0.00134379258769
lat,0.000152533809886,-8.5450471942e-06
late,0.00052859599897,0.000905195058818
lateral,0.0046931027932,0.00167040656553
laterals,0.010082846678,0.00044402907775
laundry,0.00357963376719,0.00215537909875
lav,0.000479035922532,-0.000686025834282
lavoratory,0.00146170801267,-0.000351015695161
lavs,0.0017191902734,0.000535639791858
law,0.0376511169308,0.0492676755441
lay,0.00798000520563,0.00152571447669
layers,0.000257998918292,-9.71483482233e-06
laying,0.00255931574239,-0.00168034067459
layment,0.00089557434802,-0.000622769103276
layout,0.00641546225636,-0.00145405451396
layouts,0.000365746533415,-0.000340558468005
lbs,0.000101024087233,1.80927391012e-05
leak,0.00118643893359,0.000305895442564
leaks,0.0018941884698,-0.000557867028944
leave,0.00108905113594,-0.000943911108342
lebaron,0.0233308834994,0.0021034784044
left,0.00793024194687,-0.00370303712308
leg,0.000719000104378,0.000538714221648
legs,0.000642736374185,0.000389886718488
length,0.00026452032328,-1.73308895884e-06
level,0.00387207838053,0.00510380843805
leveled,0.000223429758896,-6.97424430597e-05
leveling,0.000836545275578,-0.000998460240936
liberator,0.0015329051395,0.00409107697543
lids,0.0001516193456,0.000100436398919
lift,0.00162641815384,0.00180283695563
lifts,0.000303238691201,0.000200872797839
lighting,0.0116641855766,-0.0128039067916
lights,0.0103145491948,-0.000798246710407
limited,0.00327643889756,0.00116528940592
line,0.0192535306339,-0.00445688296899
lined,0.00126142666728,0.00109041980941
lines,0.0188219160815,0.0151074002597
lining,0.000484667508405,-0.000347910724267
list,0.0953757367797,-0.0610364977205
lists,0.0136272552064,0.00983584493401
load,0.00585304342753,0.00425239379989
loaded,0.00104334064659,0.00117313669875
loader,0.00159872464345,0.0020310221086
loading,0.00582969348945,0.0038895210467
loads,0.0155440561753,0.0224820946642
locate,0.00908921988529,0.00770162822465
located,0.00047825390894,0.00059917189647
locating,0.00172845717256,-0.00168867831215
location,0.00148393222342,-0.000119871645188
locations,0.000274875918647,5.65822755083e-05
lock,0.00125992897234,0.000222379012209
locks,0.00178566634733,0.000951015098903
log,0.0577006224727,0.144619736734
logs,0.000614366386143,0.000821386356652
looked,8.53698778532e-05,4.48278931744e-05
loop,0.290134663842,-0.207302370323
loopa,0.000656089510185,-0.00116977992038
loops,0.0414609402872,0.0242923139529
loose,0.00288090745518,0.00189836191882
loping,0.000138197191893,8.39216951689e-05
loss,0.000240435700101,-0.000129480505743
lost,0.000394526943261,0.000105429002428
lot,0.0216058733215,-0.0104986499245
lots,0.00377676844026,-0.000660956170894
louvers,0.000439173485064,-0.000781914095546
ls,0.000969333166854,-0.000727820893689
lspaces,0.000352267118941,0.000514597974242
lumber,0.00564718044609,0.000286119363506
lunch,0.000159413555493,-5.74992574104e-05
machine,0.000724592731899,0.000125935909186
machines,0.000218686420163,0.000616904196148
mail,0.00472599537337,-0.00688785936933
mailbox,0.000629207122667,-0.000810215412563
main,0.0170230518712,0.00589415773151
mainline,0.00118790374425,0.00023754615687
mainlines,0.000263984238809,1.91443273722e-05
mains,0.00821929425587,-0.000930914030322
maint,0.000523480930747,-0.000656688454838
maintain,0.000843390522094,9.48708439518e-05
maintaince,0.0141807864011,0.0145443224799
maintance,0.06329240149,0.103854026053
maintanence,0.00142159623134,-0.000948304255732
maintenace,0.00139171999086,-0.00123339730762
maintenance,0.025611641645,-0.036950951931
maintencance,0.00095572278793,-0.00118752434339
maintence,0.00134923906951,-0.00196087013388
major,0.000542802580847,-0.0001953530575
majority,0.00111770594131,-4.57931667466e-05
majors,0.000194687368648,1.8316597606e-05
makeup,0.00123198937167,0.000591354793443
man,0.0226106353274,-0.00246353154395
management,0.00235998165441,0.00413387333253
manhole,0.00239617557757,-0.000932200762176
manholes,0.00162583713348,-0.000712080857426
manhours,0.000261815705993,-0.000102964966948
manifold,0.000891061685003,0.000546705574389
manifolds,0.00076000195043,0.000330502045412
mans,0.000605619871038,-0.000615464869525
mansfold,0.000955009498622,0.000647640500429
mar,0.00058883643168,0.000370906266003
marble,0.0137985412585,-0.0141153209812
mark,0.00194711060207,-6.37693281857e-05
marked,0.000634417234912,-0.000674159763726
marking,0.000696065166792,-0.000896355198429
mask,0.00154810431093,0.000948156406361
mason,0.000638682489113,-0.000917605767416
masonry,0.0619229503962,-0.0471278210963
masons,0.0030542532854,-0.00142840202394
master,0.000578027566136,-0.000691620855274
material,0.00729542282108,-0.001348254143
materials,0.00825800017272,-0.00486107166248
max,0.0931506951688,0.0637149115807
measure,0.000647152897967,-0.00103601183245
measuring,0.000641044207138,-0.000803331594277
mech,0.00515428036124,-0.00101635919457
mechancal,0.000970251940158,-0.00232642965745
mechanical,0.0785039821958,-0.00950070018495
mechrooms,0.00114733452972,-0.000588486551538
media,0.000558988989774,-0.000659183096324
median,0.000266164358995,2.68745264044e-05
medians,0.000257236590983,1.97080038349e-05
meet,0.0008042754106,-0.000379853257876
meeting,0.00487989832135,0.000840179108458
meetings,0.00168111519033,-0.000301558648554
mellen,0.0114103587755,-0.00190397700642
mellon,0.00542075191698,-0.00482646067776
melon,0.000152386489649,-3.75595831186e-05
melt,0.000219271945302,-4.88056374185e-05
men,0.00581717225183,-0.00106658446207
mentioned,0.000824439302432,8.2361616727e-06
mesh,0.00480091409517,-0.00367833301077
met,8.53698778532e-05,4.48278931744e-05
metal,0.000637415386854,-0.000380047156968
meter,0.00143505100815,0.000131998385204
mh,0.0031462399303,-0.00382117632955
mhafb,0.000430090823885,0.000504435467119
middle,0.00207329083521,-0.00147515989586
mil,0.000177308930558,0.000295222916728
milgard,0.00328188331047,-0.0051139204508
military,0.116355669604,0.273862976392
millings,0.000122218315859,-4.85000677652e-05
min,0.0931506951688,0.0637149115807
minimal,0.000916088612925,-0.00174825276526
minimum,0.000716118861562,-0.000996414775496
mirrors,0.00582288937812,0.00232276897154
misc,0.0303109729879,-0.034595696203
miscellaneous,0.00346627962552,-0.00493901773915
mislabeled,0.000103945185886,8.04053366493e-05
missing,0.00153733470088,-0.00186514120219
mit,0.000139772995322,-0.000110674918613
mix,0.000471265273761,7.69417300932e-05
mob,0.00031277020746,0.000589658451761
mobilization,0.000646636552649,0.00021330391417
mold,0.0275244019385,-0.0448499703589
monday,0.00161076615469,-0.00117103275311
monitor,0.000785463736272,-0.00060785553463
morning,0.00167365316874,-0.0017691808385
motors,0.000616668217434,-3.01322069035e-05
mountain,0.0734781536916,-0.0754260710911
mountian,0.00242490196609,-0.00297624191138
mountion,0.000799144999306,-0.00105568177381
moved,0.00781551249037,-6.54722595532e-05
moving,0.00945414911704,-0.00872644128312
mow,0.0376124057533,0.049236084351
mph,0.0850462741366,0.0574316413434
mud,0.00200597206514,-1.91190421526e-05
mulc,0.000516397963989,-0.000102188911697
mulch,0.0091391689316,-0.00386106211471
nail,0.00788859245476,-0.011708883151
nailed,0.000224110834753,2.70358671184e-05
nailing,0.00370375680812,-0.00632186654408
nampa,0.00242449436989,0.00681195007295
narrative,0.00970134308701,0.0051694314104
narratives,0.0628506303173,0.13519162895
ne,0.00133612801904,-0.00123081975101
needed,0.000946796905394,-0.000276968068202
night,0.000101024087233,1.80927391012e-05
nonfriable,0.000177308930558,0.000295222916728
noon,0.00230738933227,-0.00163232771497
north,0.0044019962385,0.00387245427394
note,0.00147653112298,-0.000248610268761
notice,7.34280396488e-05,5.11665903636e-05
notified,0.00042595950341,0.000538835752644
nozzle,0.00103413723134,0.00117619375963
nozzled,0.00292502916055,0.00144509329525
ns,0.0368066824107,0.0508766191295
number,0.0973777319643,0.0677678115836
numbered,0.000240435700101,-0.000129480505743
numbers,0.000350324254369,0.000544149105252
nursery,0.0035662093584,-0.00441530229988
nutec,0.000288626644142,0.000498938642401
nutek,0.0260769087985,-0.0106319640496
nuts,0.000155859626175,9.68715162229e-05
nw,0.000352681403622,0.000686596286439
observed,0.000299572623529,0.000171714146984
oct,0.00312393600302,-0.00256738693972
office,0.00416625408395,-0.000352221853192
offices,0.00120278485034,0.00167603889448
offs,0.000327950009829,-4.27431954844e-05
oic,0.000415480725285,0.00037385218736
oil,0.000240435700101,-0.000129480505743
ons,0.00141871280424,0.00302295726496
onsite,0.00284582440515,-0.00110133795806
ood,0.0034062250572,0.000954122599616
opened,0.000593847205728,0.000502267097778
opening,0.000206236136846,1.51982158598e-05
openings,8.1844795768e-05,-3.0359867818e-05
operating,0.000220284118946,0.000153499771091
operation,0.000644082533373,-0.00094740490514
operations,0.00175986297439,-0.0038263713067
operator,0.000861202505039,-0.000679539154498
order,0.00317222048135,-5.10455084544e-05
orders,0.00136491240617,-0.00251206403513
organic,0.00158351919248,-0.00180362894592
organize,0.000356092040191,-0.000103953863721
orientation,0.000636442990707,0.000444754465712
orienttion,0.000208604675472,0.000225921474389
orifices,0.000875018124919,-0.00158808857782
ork,0.13894625394,0.148630304188
orked,0.187124742246,-0.269638002989
orkers,0.000705563244418,-0.000335275137974
orking,0.00699327724887,-0.00662307681207
osb,0.000962021897928,-0.000864908766566
ould,0.000225104165624,0.000192284589992
outage,0.00185058751364,-0.00220384583328
outer,0.00504720050271,-0.00227178963448
outs,0.000224110834753,2.70358671184e-05
overbuild,0.000122218315859,-4.85000677652e-05
overhangs,0.00139341489116,-0.00224326966253
overlay,0.00151153439381,-0.00036940736498
overnight,0.00137586873711,-0.000186814976071
pack,0.000841798888093,-0.00107168166528
package,0.000651875199745,0.00131238016215
packages,0.000974523639999,3.91678854684e-05
pad,0.0190692560122,-0.00333919033002
pads,0.00123183136576,-0.00135379865896
page,0.00724114215515,-0.00152833491026
pain,0.000881850850015,0.000114938279614
paint,0.0400174873226,0.00778191361928
painted,0.00277900293475,0.00818892838489
painter,0.00404059415826,-0.00530002180988
painters,0.00892908544655,-0.00340326755484
painting,0.0604971284239,-0.0580981578948
paintting,0.000616668217434,-3.01322069035e-05
pallet,0.000181966242372,0.000129268833083
pallets,0.000379940536132,0.000559612737316
panel,0.00487951278991,-0.00363791707256
panels,0.00927044658884,-0.00213186141009
pans,0.000524522054777,4.36983018936e-05
pantry,0.00139600619751,-0.00234585026064
paper,0.00587726712737,-0.00346155417304
paperw,0.000256299309235,0.000131874893984
parallel,0.000272141914283,0.000461350367005
paritial,0.000201019139036,-6.67563798724e-06
park,0.000247889802361,-0.00016449986472
parons,0.000374387441578,0.000139652976132
parson,0.00165233711084,0.000787532720916
parsons,0.113526508145,0.0541123117455
parsonsevergreene,0.000328186146045,-5.01793898658e-05
partition,0.00114111870982,-0.00086108896055
partitions,0.000525368984371,-0.000748175607814
parts,0.000676303394649,0.00153400962462
pass,0.000968126548891,-3.33513193198e-05
passed,0.00108353826604,-1.09449245382e-05
passes,0.00158839860953,0.000921625010413
patch,0.00731970574344,0.000628402583621
patched,0.000679723567391,0.00028051136262
patches,0.00281193982601,-0.000587301665573
patching,0.000746789966502,-0.000439539929608
path,0.0149883949419,-0.00467195505068
paths,0.00482978789519,-0.0045579602337
patio,0.00814204801913,-0.00433263359782
patios,0.00898523876092,-0.00770767121123
pattaerson,0.000267020825881,0.000768172777371
patterson,0.0606235650332,-0.0304383783631
pave,0.000748755620364,-0.00113268563003
pavement,0.00149210359256,-0.00136520383932
pavilion,0.00876891442562,-0.00400347368983
pavillion,0.00288279054835,-0.000787687785015
paving,0.00507469722002,-0.00498648815412
pcs,0.000482825999809,0.000999410752374
pe,0.000713660107285,-0.00105733666349
peaks,0.000300416874419,0.000257433317545
pen,0.00060981707616,-0.00106131313196
people,0.000731142526076,-0.000408938524747
perform,0.00338286956639,0.00545217945339
performed,0.0747712518181,0.109889254485
performing,0.000632454111166,0.000240287611868
perimeter,0.00169886074936,0.00070303190809
permanent,0.00291312655183,-0.0034273210757
permit,0.000209487720905,0.00012725178992
person,0.000678219239256,-0.000681332996735
personel,0.000201019139036,-6.67563798724e-06
personell,0.000257236590983,1.97080038349e-05
personnel,0.000832315063513,-0.000485794920952
pest,0.00585373150663,-0.00900644457016
pex,0.0036286926911,-0.00247422545538
phase,0.00985301135993,0.00289366860206
phases,0.000760324005426,-0.00118061161194
phone,0.00165216867734,-0.000996176709425
phones,0.000732997517046,-0.00106423528782
photo,0.000118786846056,-1.5346699399e-05
pick,0.0342817345116,-0.0165399898628
picked,0.00105102419846,-0.00160769120324
pickup,0.0125278511054,0.00262386350518
picture,0.000809569190781,-0.00166573219217
pictures,0.0001516193456,0.000100436398919
pieces,0.000632940231219,-0.000993032932891
pier,0.000205328347082,1.01768813875e-05
piers,0.000982795641634,0.000386046388852
piggy,0.000221046001565,-0.000166999878875
pile,0.0110569093341,-0.00782418385903
piled,0.000264044542124,-1.14719113852e-05
piles,0.00608662882278,0.00551184125085
piling,0.000385596763495,0.000917762948025
pioneer,0.0912490699202,0.022631632653
pipe,0.00923398721391,-0.00372574169939
pipes,0.000206236136846,1.51982158598e-05
piping,0.0151635830167,-0.0142534601038
pitcher,0.000515184696267,-0.000935885815572
placards,0.000259244399189,-8.24276819926e-05
place,0.0335287282781,-0.0376511627503
placement,0.00449888620998,-0.00399782430598
places,0.00189739239627,0.000124162547745
placing,0.00650346373332,-0.00971678843106
plan,0.000385269080401,4.98289086958e-06
plans,0.000302988329865,8.19321919454e-05
plant,0.0100015900056,0.0109825526749
planted,0.00126437513693,0.000254873220864
planters,0.00311190342751,0.00423343253437
planting,0.00385331221879,-0.0035431269613
plants,0.0167293559054,-0.00156128442751
plaster,0.000752501890981,-0.0012565680678
plastic,0.00203677700939,-0.00112455051368
plate,0.00324678542182,-0.000873416843572
plated,0.000711638068939,-3.32050229476e-05
plates,0.00259896379267,-0.00189398462518
plating,0.000787269167198,-7.84304346211e-05
play,0.000515184696267,-0.000935885815572
playground,0.00146127683481,-0.00188550855619
playgrounds,0.000809569190781,-0.00166573219217
plenum,0.000808027775257,-0.00133019311026
plenums,0.000704991415973,-0.00111315232526
plug,0.000181966242372,0.000129268833083
plugs,0.000780688123566,0.000175593448949
plum,0.00020271687729,-1.62843841771e-06
plumb,0.00284284731326,-0.000372170766066
plumber,7.34280396488e-05,5.11665903636e-05
plumbers,0.000430784012522,3.34986452e-05
plumbing,0.0068355575578,-0.00691159327812
ply,0.000458746458494,-4.25270442056e-05
plyw,0.00109773457734,-0.000514050831512
pod,0.000614980615628,0.000342108386047
point,0.000629207122667,-0.000810215412563
pointers,0.00135665957234,0.00184842859578
pole,0.0116482524872,-0.0139555364721
poles,0.00737520178283,-0.00611797747568
poly,0.000177308930558,0.000295222916728
pond,0.000209487720905,0.00012725178992
pony,0.00143699219121,0.000349973889973
pop,0.000223928650349,2.67090733532e-05
porch,0.0197627526611,-0.0140698629308
porches,0.0291515769276,-0.0304783730898
post,0.0066579879127,-0.00349543010631
posts,0.011350461193,-0.00716715136838
pot,0.0101387371919,-0.000694346063181
pothole,0.00157731787472,0.00218573777088
potholes,0.00240756007112,0.00324794002742
potholing,0.000830964062527,-0.000636964591428
pour,0.0213444543803,0.00423258501239
poured,0.0119426341863,6.64965644496e-05
pouring,0.00199906446343,-0.00088313168471
pours,0.00481639798328,0.000734943166849
pow,0.0120220478025,-0.00807834509489
ppm,0.0001516193456,0.000100436398919
pre,0.00112390231626,-0.00140673330085
preces,0.000619999960039,0.000349453276045
precipitation,0.0931506951688,0.0637149115807
precision,0.00113887955852,-0.00155688628118
preece,0.00723122278976,-0.00278387500223
preeces,0.0739071100887,0.00303145059453
prep,0.0488984813848,-0.0262716512623
preparation,0.00414562041974,-0.00498744332555
preparatory,0.000423143043238,0.000639020114435
prepare,0.00976118794798,-0.0115683617687
prepared,0.000978134216944,-0.000927770693349
preparing,0.011967124655,-0.0189004370476
prepped,0.00524829203092,-0.00190795204949
prepping,0.0159215311222,-0.0217069078849
pres,0.000293669713595,0.000215775016211
present,0.000318725255031,-8.12626183447e-05
preservation,0.00311348912031,0.000357179581517
pressure,0.00803574085197,-0.00465637334576
prevent,0.000791896609686,-0.000917508860452
preventers,0.00019976673512,1.58295087732e-05
preventors,0.000423882084438,-6.51782324409e-05
previous,0.00280328204501,0.000239018939022
pricing,0.000153067100353,4.26837371783e-06
prim,0.000581471407143,0.00031196520482
primary,0.000153067100353,4.26837371783e-06
prime,0.00570361446187,0.00368204204281
primer,0.00234186023659,0.00139087310352
prints,0.000259244399189,-8.24276819926e-05
prior,0.000310649453606,0.000775440888276
problem,0.00107179511061,-0.000928996612591
problems,0.000407007876303,6.01541268546e-05
proceed,0.000173050178884,-0.000147790329689
progress,0.00133461479121,0.000716199419743
project,0.0633771142161,0.136358782094
proper,0.000695997342282,-0.000452199608518
protect,0.000305657544295,-2.13272271486e-05
protected,0.000471265273761,7.69417300932e-05
protection,0.00628829127241,-0.00915883056014
prototype,0.000369915798465,-0.000518148350833
prune,0.000659702047143,0.000170980100246
psi,0.000257236590983,1.97080038349e-05
pt,0.000194854954946,-1.28686595611e-05
pto,0.000223864348977,6.41862618332e-05
pull,0.00678293828246,-0.00306021727991
pulled,0.0052479457204,-0.00157480901732
pulling,0.011836638865,-0.0148026389677
pump,0.00205008397495,0.000518864146229
pumping,0.002031052361,-0.0032273221699
punc,0.00132155791876,0.00298360941695
punch,0.234919625098,0.154092604361
punched,0.00103921069563,0.000614947145545
punchlist,0.0188796942066,-9.20781374006e-05
punchlists,0.00215556338537,0.000896156729662
pushed,0.000532442047464,0.00145039764952
pushing,0.00140497934528,0.000970000113637
putting,0.000707678133834,0.000366974455807
pvc,0.00362113659508,-0.0015803928327
qa,0.000146856079298,0.000102333180727
qc,0.0649300563593,0.132693706182
qcr,0.0577006224727,0.144619736734
quality,0.0577006224727,0.144619736734
quest,0.000626878067334,-0.00120856170448
quit,0.000170817746206,-0.000131202918075
racew,0.000256140025527,-7.24744455108e-05
rafters,0.000828492143943,-0.00129057395473
rail,0.000632038618208,-0.000793744641572
rails,0.00427968670611,-0.00130877562461
rain,0.00831146028602,-0.00555542547345
rained,0.00303969999759,0.00191586133731
raise,0.00572599723057,0.000767453336664
raising,0.00101174457253,0.000595696279536
ran,0.000864460766084,-7.21709653218e-06
ranch,0.000270635912961,7.09260846382e-05
range,0.0043913825641,0.00309794533103
rangs,0.000616668217434,-3.01322069035e-05
rap,0.00209691045578,-0.000715017917796
rapping,0.000716766047596,-0.000149729875995
raps,0.010572460401,0.00597594557889
rated,0.000464485364122,-0.000597473495901
readings,0.000529151044513,-7.07125796681e-05
ready,0.00493403594364,-0.0015115904777
rear,0.00136919286207,0.00252194600305
reattach,0.000607583821177,0.000498646772682
rebar,0.0131703711408,0.00248566197519
rebuilt,0.000593969263622,-0.000900785495384
reburial,0.00484322865593,-0.00636953746757
reburied,0.000653002586104,-0.000961171717796
rebury,0.000765354282344,-0.000949998354326
recaulk,0.000561833312471,0.000420186569656
receive,0.000559072704957,-0.000107880321142
received,0.0288822356608,0.0166149760593
receiving,0.00141980349282,0.000336905433311
recepticles,0.000534466460889,-0.000483505046383
recess,0.000165693695467,6.7625639875e-05
recieved,0.000428117763121,-0.000176495069143
recycle,0.000602783108942,-0.000454345004052
red,0.000475609338695,0.000559405457509
redeived,0.000257236590983,1.97080038349e-05
redline,0.00023351268714,9.16678316757e-05
redo,0.00215384094448,-0.000457256896161
refrigerators,0.00407685163031,0.0122962078314
regulate,0.000871726850008,-0.00107728515827
regulator,0.00133676058401,-0.00153621022837
regulators,0.00221150411119,-0.00203261136861
rehang,0.00078930232102,-0.000416967854455
reinforcing,0.000799502596218,0.00252218372028
reinstall,0.00134298128826,0.00052705030439
reinstalled,0.000347280727365,0.00019765043102
related,0.000693823644304,-0.00119187787504
relay,0.000637315864107,0.000101886328787
relocate,0.00622721333009,0.00120497610383
relocation,0.000820216019918,-0.000754351289986
relocations,0.00081376475637,0.00115355873259
remaining,0.00279706238666,-0.00380635741602
remains,0.000103945185886,8.04053366493e-05
remark,0.00060481349333,0.000138988992955
remediation,0.025291272356,-0.0408091349373
remodel,0.00661158131556,-0.00440472047568
remodels,0.00276507263577,-0.00409748027533
removal,0.0017035784454,-0.00248460788609
remove,0.0143835142749,0.000708855459748
removed,0.0050087487867,0.000876182019877
removing,0.00581990470973,0.00399734761038
repaint,0.00186861885531,-0.000438085339111
repainting,0.000549341895301,-0.000853749200459
repair,0.0410126500729,0.0222062416746
repaired,0.00260433017928,2.07820107043e-06
repairing,0.00198047979326,-0.000371629897821
repairs,0.0516134843682,-0.0376159495907
repairw,0.000721503666922,6.15076672514e-05
replace,0.0665146494491,0.13450902179
replaced,0.00335468748021,0.00488889394522
replacement,0.00151093003867,-0.00193646803852
replacing,0.0014154632286,-0.00144819772484
report,0.0710724869575,0.129818798379
reported,7.34280396488e-05,5.11665903636e-05
repour,0.000540872712947,0.000325729617889
repull,0.000427868497161,4.92927216347e-05
required,0.000209487720905,0.00012725178992
requirements,0.000146856079298,0.000102333180727
reroute,0.000687658396723,0.000326242415017
research,0.00105394966828,0.00128250534966
reset,0.001737755404,-0.00241595903936
residential,0.000293669713595,0.000215775016211
resiserv,0.00911653825326,-0.00333641203983
resiserve,0.00189152114412,-0.00273718230567
rest,0.00153936981221,0.000988597235557
restack,0.000194854954946,-1.28686595611e-05
results,0.000679237379476,-0.00113201458526
retaining,0.00346526050188,0.00415996768187
retention,0.000651745631331,0.000724137073167
retest,0.00023071167651,3.40990585796e-05
retreat,0.000734650839648,-0.00048985879467
return,0.00457446654531,-0.00525870153782
returned,0.000347280727365,0.00019765043102
returns,0.00339535565324,-0.00494849719613
review,0.00080329807425,-0.000709966878827
revise,0.000790673349905,-0.0012075267995
revised,0.0023954842794,0.00158821919614
revising,0.000747823308432,-0.00104119898995
rew,0.00155774427581,-0.00147555795821
rfi,0.000618359976026,-0.000391857737217
ribbon,0.00019976673512,1.58295087732e-05
rim,0.000672634655564,9.62610272272e-05
ring,0.00122599823788,-0.00178078194316
rings,0.00820724524521,-0.00345716937129
riser,0.000808027775257,-0.00133019311026
ritten,0.00949203309758,0.00526295735279
road,0.0143004741018,-0.00489983331142
roads,0.00384054317302,0.0024057205652
roadw,0.000760285003061,-0.000925387243519
rock,0.0257683866754,0.00193529662696
rockers,0.000574328160469,-0.000645911408284
rocks,0.00657701287036,0.00579985003588
rocky,0.000982771807121,-0.00133107017579
rods,0.000737591345659,-0.000875772260629
roll,0.00158252223219,-0.000757240893401
rolled,0.00210937343709,0.00028496585415
rolling,0.000377928803139,-7.64567800382e-06
rolls,0.00120672166904,-0.000909502697681
rom,0.000708328763943,-0.000175473535172
roman,0.00539379030568,0.00931678061921
romans,0.0015669863842,0.0029905583054
rong,0.00149604696395,-0.000572320154118
roof,0.0342350270074,-0.0286507756832
roofer,0.000828521938294,-0.000497193124094
roofers,0.000458044306462,-0.000874126382628
roofing,0.0709142208196,-0.0589896945051
roofs,0.0141162622788,-0.0165153290143
room,0.018836179861,-0.0200340434488
rooms,0.0127326661712,-0.0124611944109
root,0.000120422167721,8.15435907728e-05
rough,0.148719543938,-0.1812523341
roughin,0.0184967100172,-0.0119937051286
roughing,0.00166613418715,-0.000655571484587
roughs,0.00194458812812,-0.00302659872298
roundabout,0.00133181754448,-0.00151374698828
row,0.000540842715223,-0.000622794865386
roy,0.00039642383656,0.000315577306322
rub,0.00031277020746,0.000589658451761
ruben,0.0001516193456,0.000100436398919
run,0.000992708182353,0.000866494139212
running,0.000195250256708,-4.66664651631e-05
runs,0.00225771070984,-0.00149281715138
runw,0.000568692431855,0.00143238887821
ruptured,0.000714849288335,6.15442451793e-05
russ,0.000225104165624,0.000192284589992
ryan,0.000564355526674,0.00163682292225
sac,0.00402795224953,-0.0025308142401
sack,0.0144974076883,-0.00343152831873
sacking,0.0065863375437,-0.00861426468812
saddles,0.000768166795306,0.000256846125529
safety,0.00679447106095,-0.0015958483768
sage,0.00126111090534,0.00289433812241
sagging,0.000618068742292,-0.000594057681271
salt,0.000455983806282,0.000895724381828
samsung,0.000208604675472,0.000225921474389
sand,0.0139930746045,-0.0115226692384
sanding,0.00224259375617,-0.00252304180969
sanitary,0.000435540368139,0.000393147098211
sat,0.00250389275275,-0.000375758443073
sawyer,0.0121017205561,0.00271733717483
scaffold,0.00128138331992,0.0019457163359
scan,0.000993111029235,0.00318022548868
scheduled,0.000923152973992,-0.000352030784853
schedules,0.000412219651216,4.11808083635e-06
scholte,0.000270635912961,7.09260846382e-05
scraper,0.000284430127074,0.000665018164367
scraping,0.000845397588094,-0.000449828196374
scrapping,0.000369915798465,-0.000518148350833
screen,0.00702514745292,0.00249267111719
screendoors,0.000679966349794,0.000522989392097
screening,0.00166659304889,-0.000644677273577
sd,0.000659702047143,0.000170980100246
sdi,0.0102728311936,-0.00137711418974
se,0.00132114231082,-0.00211542376699
seal,0.000541709414512,-0.000328572455839
sealant,0.000810376563529,-0.000984975902385
seam,0.00106815086505,0.000393934340612
seams,0.00112560852995,0.000709590411955
secondary,0.000427868497161,4.92927216347e-05
sectionalizers,0.000714392233612,-0.00110079131919
sector,0.000327950009829,-4.27431954844e-05
security,0.000394526943261,0.000105429002428
seed,0.0048432355512,0.0039638411909
seeding,0.00266842038062,6.44083088543e-05
semi,0.000672408934531,0.0001042486753
sep,0.000729302418265,-0.000510176166369
ser,0.00267262836531,0.000338410999446
service,0.0058503914454,-0.00389358552689
serviced,0.000274249514801,8.10704341696e-06
services,0.00976304499242,-0.000392207612941
set,0.0456662985372,-0.0107584541072
sets,0.00460400095225,-0.00318452396022
setting,0.0165296701189,-0.0159139113023
settle,0.00302703716102,0.00338262475
settled,0.000945052849862,0.000270773564501
settling,0.00054922035698,0.000139622097825
sew,0.0212409952927,0.00762688777799
shade,0.000377378717296,-9.37267400859e-05
shake,0.0001381055076,6.85267921742e-05
shear,0.0048694564191,0.000540059944364
sheath,0.000830964062527,-0.000636964591428
sheathing,0.00506576718202,-0.00545581155418
shed,0.000223928650349,2.67090733532e-05
sheds,0.00190790972077,0.00117055797471
sheer,0.000918351220844,-0.000190225340897
sheet,0.0137408806287,-0.0153753213636
sheeted,0.00257300453008,-0.000313633896173
sheeting,0.0104484972813,-0.00559184119854
sheetrock,0.00441578888986,-0.00334879910581
sheets,0.000318717923281,0.000106418492391
shelves,0.00944122798512,0.00299839461377
shelving,0.0248235068996,-0.014894267683
shield,0.000396751546711,-0.000333280153169
shingle,0.0241654321886,-0.0271169524727
shingled,0.000943855087801,0.000355956492992
shingles,0.0413865321074,-0.0560246520232
shingling,0.00273645220682,-0.00374765949489
shipment,0.000639063699875,-0.00055445623063
shipped,0.000277889917058,3.0927342846e-06
shoot,0.00260947542444,0.000466802066199
shooting,0.000256461637002,0.000269031560679
shop,0.000209487720905,0.00012725178992
shortage,0.000276566970858,-5.38560422957e-05
shouts,0.000202334976436,-0.000209743661437
shrubs,0.00358568915157,-0.0032412884406
shut,0.000946880537519,0.000555303104271
shutting,0.00268776077661,0.00956763831477
sided,0.000650821563528,-0.00102781389948
siders,0.00077764972242,0.000147582894341
sides,0.001774522737,0.00124661424091
sidew,0.0420101813948,-0.0558545238271
siding,0.0759229253243,-0.0715037392678
sidng,0.000464485364122,-0.000597473495901
signs,0.00240989012586,-0.00115179928029
sills,0.000686642379433,6.31643097991e-05
silt,0.00157643177735,0.0001607148606
simco,0.000818279562389,0.00109157429782
sink,0.00136380997994,-0.000786324216503
sinks,0.00557415610845,0.000132592939453
sit,0.00117583563253,0.00241682184007
site,0.202833377052,0.283917660748
sites,0.000362621608193,0.000433567032943
situation,0.000296275418224,-2.68167572928e-05
size,0.00087897508948,-0.000483183184783
skirt,0.000733935951994,0.000628499398207
slab,0.00454379802372,-0.00369911787178
slabs,0.00851401082802,-0.00531232873093
slats,0.00659179933767,-0.00494249188548
slc,0.00201486058905,-0.000503014415963
sleeve,0.00269837483673,-0.00154025113336
sleeves,0.00501184418934,-0.00616735544276
slippery,0.000259244399189,-8.24276819926e-05
slots,0.00109792477877,-0.0024014679349
slow,0.00355094401359,-0.0049159977654
small,0.00163876268701,-0.000640671370018
smash,0.000257236590983,1.97080038349e-05
smoke,0.000703279900207,-0.00124196490554
smoked,0.000703322648392,0.000310174537833
smokes,0.000634873744691,0.000781306833633
smooth,0.000288626644142,0.000498938642401
snap,0.0079146290487,0.00132581130896
snapped,0.000712530840387,1.51084037528e-05
snow,0.00434070906278,-0.00181303090651
sod,0.012540155932,-0.0021416466768
sodding,0.0014214960644,-0.00115563533365
soffif,0.000879829813675,0.000927080290607
soffit,0.0677600352337,-0.0808532621228
soil,0.00266912936676,0.00354541395746
soils,0.000726020880206,-0.000896028277121
solder,0.00019726347163,5.27145012142e-05
sole,0.000953288432657,8.05689001249e-05
solid,0.00757032242989,-0.00997070204655
sona,0.00117583563253,0.00241682184007
sot,0.00203206416789,0.00380029661859
south,0.00549588114481,-0.00223193872852
southerly,0.000632038618208,-0.000793744641572
space,0.0157214260488,-0.0156388279521
spaces,0.0211404418651,-0.0148170160754
spackle,0.00187547943652,0.00105097495215
spackling,0.000885035230906,0.00112366646241
spakle,0.000580936214612,0.000142525406957
spec,0.000546097143801,-0.000882267260248
spent,0.000838903601114,-5.61620100301e-05
spider,0.000895028871063,-0.000457129345409
split,0.000103945185886,8.04053366493e-05
spoil,0.00241406952628,0.00142100983013
spoils,0.00857975359556,-0.0138280318107
sponged,0.000240363423302,-7.86561830848e-05
spot,0.00153912346044,0.00361026487872
spots,0.00104512425884,-0.0013230073962
spouts,0.0012001954239,-0.00106809876642
spray,0.00785222837783,0.0106829111822
sprayed,0.000412219651216,4.11808083635e-06
spread,0.00772768070284,0.00636927158814
sprinkler,0.00318352258217,-0.00252383775
sprinklers,0.00157338964354,-0.00150230578831
square,0.000272141914283,0.000461350367005
squeaks,0.00146938718147,-7.58563086913e-05
squeaky,0.00148376466598,0.000135643048674
squeegee,0.000261815705993,-0.000102964966948
squeegie,0.000274249514801,8.10704341696e-06
st,0.000469980086878,0.00139850365833
stack,0.00170872049024,6.90302636452e-06
stain,0.000470906751754,0.000160352919038
stair,0.000644043327828,-0.000888288466934
stairs,0.00410115696428,-0.00055590128268
stake,0.000699768880136,-3.31960070488e-05
stakers,0.00119086990587,0.000321620810643
stakes,0.000992887236348,0.00119465952102
stamp,0.000308739124268,-0.000127071872251
stand,0.000205328347082,1.01768813875e-05
standard,0.0766613446047,-0.0759816902408
standing,0.0015820135265,-0.00189075729076
stands,0.000524522054777,4.36983018936e-05
staple,0.00178648626606,-0.0024552002647
star,0.0740777624664,-0.07635506419
starmountain,0.0058366364886,-0.00901233136308
start,0.0162813577923,0.00087704334522
started,0.00936938155359,-0.00185781994819
station,0.00102301701126,-0.000209539459261
stations,0.000201019139036,-6.67563798724e-06
stayed,0.000294741592216,-0.000219588398528
steal,0.000210200586847,0.000175787226369
steel,0.0023192976343,0.00498801437048
stem,0.00260830495344,-0.00161604281448
stems,0.000704991415973,-0.00111315232526
step,0.00330697663209,-0.00276200326164
steps,0.00863668556985,-0.00746391798897
steve,0.000913393616207,0.000639025479291
stevens,0.000173050178884,-0.000147790329689
stick,0.000191951612736,-0.000145679167956
stickers,0.00142054961267,-0.000938841230252
stock,0.00706753383077,1.1398722545e-05
stocked,0.00167636081377,9.51603292539e-05
stocking,0.00453278638836,-0.00501257159203
stockpile,0.000275283859608,-3.1795107762e-05
stone,0.0447166128451,-0.0508840702544
stones,0.000656089510185,-0.00116977992038
stonew,0.00284543716921,-0.00405803625915
stood,0.00271280041581,-0.000906122846363
stop,0.00659221659376,-0.00679817240792
stopped,0.0012615898609,-9.84245549136e-06
stops,0.00443347462231,-0.0035427397349
storage,0.00374811229717,-0.00300057515196
store,0.000335675283817,3.13168129538e-05
stories,0.000834631619757,-0.000955527937932
storm,0.0286386570848,-0.0261080936775
story,0.00255322505869,-0.000492463526162
stove,0.000685493810882,-0.00114474880807
straighten,0.000155859626175,9.68715162229e-05
strap,0.0013348830134,0.000217460565369
straps,0.00209651406498,0.00051232164233
street,0.0281063348788,-0.0383989941536
streets,0.00503617463213,0.00943779601191
stretch,0.00121061005638,0.00140387977374
stretched,0.000669336227478,5.36085816293e-05
string,0.00117008355192,-7.58365101857e-06
stringing,0.000750045443311,-0.000739092776434
strings,0.0047971382433,-0.00353605297347
strip,0.022308274388,-7.11450645601e-05
striped,0.000528156807859,0.000326927580339
stripped,0.00416998635997,0.000375219845118
stripping,0.00122114741803,5.5507680907e-05
strips,0.000400515163459,0.000229917771102
structure,0.000178866598184,-9.44520597604e-05
stub,0.00515866704266,-0.000395905770012
stubs,0.000213585951004,-6.95070948772e-05
stuff,0.00103918751993,-0.000645184907011
stuts,0.000118786846056,-1.5346699399e-05
subcontractor,0.00364606159974,0.00166974130346
subcontractors,0.00828982246312,0.00560293519738
subfloor,0.0209008644606,-0.0133808061803
subfloors,0.00139393269076,0.000477295122385
subgrade,0.00102214590667,-0.00132661535485
submit,0.000259244399189,-8.24276819926e-05
submittals,0.000120134971956,7.73513412165e-05
subs,0.00224691983356,0.000411325543101
substrate,0.000973436617183,-0.00120875652475
suffit,0.00139501182315,-0.000549901866248
summit,0.00179387500048,-0.00281762205452
superintendent,0.00096240310409,-0.000932010109047
supervise,0.000299572623529,0.000171714146984
supervisor,0.000704991415973,-0.00111315232526
suppliers,0.000153067100353,4.26837371783e-06
supplies,0.00141314922642,-0.000132443412492
supply,0.00386642705051,-0.00176308573548
support,0.000659702047143,0.000170980100246
supports,0.000227521090455,1.94324179268e-05
surface,0.00368683963238,-0.00398056618758
surfacing,0.00316310304133,-0.00527399386716
surpace,0.000773098787416,-0.00138319196813
surround,0.00177284214597,-0.000806522806923
surrounds,0.00416558672572,-0.00511514270231
survey,0.00984400325077,-0.00306558827647
surveying,0.000657628544121,-0.000853484966768
sw,0.00656471659102,-0.00356547318982
sweep,0.000703176669332,-0.00128812372481
systems,0.00130201293865,-0.0015115967883
tack,0.0151505623988,-0.00363580826495
tackpad,0.000817506737943,0.000227895703927
tags,0.000641405037284,-0.00104271648242
tall,0.00059679479788,-7.86881927585e-05
tally,0.000321514718585,-0.00027418438268
tank,0.000573718175517,0.000208464367284
tansformer,0.000791896609686,-0.000917508860452
tap,0.000331743358193,0.000455607481534
tape,0.0249650777856,-0.010514674034
taped,0.000471265273761,7.69417300932e-05
taper,0.00295806052194,-0.00508285076078
tapered,0.000700561479545,-0.000453380471653
tapers,0.00216268766512,3.71076629149e-05
tapes,0.000275283859608,-3.1795107762e-05
taping,0.0621059570427,-0.0685800551183
taps,0.000512607631962,-0.000318250745333
tar,0.00310731945095,-0.000920389567824
tasks,0.000668564819534,-0.000733363398378
taylor,0.000681942815798,-0.000845885190307
team,0.000101024087233,1.80927391012e-05
tear,0.00201612696237,0.000898813449185
tearing,0.000208604675472,0.000225921474389
tee,0.000334007153033,9.31391245157e-05
teeters,0.000703322648392,0.000310174537833
temp,0.0422279718613,-0.0444453741875
temperature,0.0931506951688,0.0637149115807
temporary,0.0154173286836,-0.0212058433337
temps,0.00144566000378,0.000557732672231
tent,0.00159269693263,-0.000264128822551
tented,0.000856827961857,-0.00101142857284
tenting,0.000561833312471,0.000420186569656
termicide,0.00199032009034,0.00367112870248
termiicide,0.000657280220911,-0.000571075740601
terminate,0.000634417234912,-0.000674159763726
terminated,0.000427868497161,4.92927216347e-05
terminating,0.00163491824944,-0.00155575849779
termination,0.00157097993,-0.00184955927275
terminations,0.00320804500395,-0.00456878898079
termiticide,0.00617248440361,-0.00717746294446
test,0.0103932166586,-0.00722941190578
tested,0.00114783961677,-0.000288436228747
testing,0.0103899603818,-0.0150927594416
tests,0.00244679735375,-0.00146482876181
text,0.00127308682739,-0.00192048147119
texture,0.0247589392027,-0.0225470854261
textured,0.00237893672129,-0.00323329285869
textures,0.00125860299799,-0.00130463001022
texturing,0.000323917700465,-0.000537006964448
texure,0.00106077074368,-0.000733599149855
thaw,0.000708328763943,-0.000175473535172
thier,0.000277889917058,3.0927342846e-06
thread,0.000302867038816,0.000368849594523
threshold,0.000937669103815,-0.000615844737747
thresholds,0.00465342938378,-0.00615050736373
thrust,0.00104130298247,-0.000187606648152
thursday,0.00179862614297,-0.000492014175139
tie,0.0183131632521,0.000560158591617
tied,0.000400267014456,-0.000121882457896
ties,0.00146565446137,-0.00177652065477
tile,0.0752260544388,0.00141297598688
tilled,0.000493453258273,-0.000118293630494
tilling,0.000439173485064,-0.000781914095546
tim,0.00119471965518,-0.00238385236794
time,0.0012290277711,0.000375216649506
timers,0.000721503666922,6.15076672514e-05
times,0.000540842715223,-0.000622794865386
tip,0.000580936214612,0.000142525406957
titan,0.000294527617239,-0.000258935234916
tji,0.00131254116446,-5.26338374998e-05
tlf,0.000275283859608,-3.1795107762e-05
today,0.00539426889707,-0.00416673430177
toe,0.000223864348977,6.41862618332e-05
tof,0.000237064775168,3.04453823222e-05
toilet,0.00412857839344,-0.00511128259813
toilets,0.00294758137896,0.00157030383596
told,0.000343943333651,7.69275401055e-05
ton,0.000517988017822,0.000732124317052
tons,0.00474063023876,0.00469241289942
tool,0.0003395990692,-6.06439018299e-05
tools,0.000369915798465,-0.000518148350833
tops,0.0072002174041,-0.00939213118606
topsoil,0.000821285252135,-0.00118685304346
tore,0.000694792577496,0.000681044154744
tot,0.00932963896437,-0.0144115774998
total,0.00320308869438,0.00299654750081
totalling,0.000177308930558,0.000295222916728
touch,0.0460128338204,0.0415107585634
touchup,0.000616668217434,-3.01322069035e-05
tow,0.00344601180998,-0.000805528940376
tp,0.000372132776297,0.000606791783742
trace,0.00145094465318,0.00250323652361
tracer,0.000372345134751,-0.000138827085898
track,0.000782863313906,-0.000231521068421
trade,0.00112372469265,-0.000817995632145
trades,0.000588432231586,-0.00020354988166
tradition,0.0884806893746,-0.0159467896161
traditions,0.00255414237717,-0.0024868465651
tradtiion,0.000940041140197,-0.00144862879104
tradtion,0.00337744047122,-0.00543331481385
traffic,0.000685413953039,-0.000510716073775
traiditon,0.000695997342282,-0.000452199608518
trailer,0.00569622477027,-0.00241214601038
trailers,0.00365230925606,-0.00173939663302
training,0.000623113127544,-0.000284670941459
transfer,0.00199392361936,0.000293179091873
transformer,0.00738721714373,-0.00640619243346
transformers,0.0068413108667,-0.00998454167618
transom,0.00070952799987,-0.00123403839751
trap,0.000365746533415,-0.000340558468005
trash,0.0042633905734,-0.00479949299607
tray,0.000486636308886,0.00022730873549
trays,0.00064346771544,0.000147284593112
treat,0.000734650839648,-0.00048985879467
treated,0.00764397762948,-0.00441539081826
treatment,0.00111447530274,-0.000897510680612
tree,0.00842847768161,0.00167547494707
trees,0.0194582883764,0.00540820760092
treess,0.000521622396304,0.000247799043203
trench,0.00972436344089,-0.00532903459159
trenched,0.00195418229312,0.00143560182028
trencher,0.00391624574487,0.000104610224114
trenches,0.00900075717089,0.00610430225779
trenching,0.0184316287409,-0.00975980257025
trenchs,0.000177308930558,0.000295222916728
trim,0.140624525084,-0.0302409717673
trimmed,0.000487462964468,0.000621175011191
trimming,0.00309688845862,-0.0013817483862
trims,0.00512049297478,-0.00186197171487
trip,0.000723018782282,-0.00105135181546
trouble,0.00264864173731,0.000702742373602
troubleshoot,0.00448397845159,0.00107637277767
truck,0.0100232117351,-0.00840511380462
trucking,0.00639759734702,0.0111865819977
trucks,0.000769706619975,0.000649363614807
trunk,0.00237415416118,-0.000525091721715
trunks,0.000103945185886,8.04053366493e-05
truss,0.00236080091086,-0.00253313337559
trusses,0.0103650087235,-0.0056336210825
ts,0.00205770006668,-0.000485748958434
tsi,0.000259633575561,-0.000237766242597
tub,0.0061527472687,-0.00722128462315
tube,0.00117583563253,0.00241682184007
tubs,0.00152800538804,-0.000532009161677
tuesday,0.00165814832613,-4.58380670017e-05
turf,0.000574328160469,-0.000645911408284
turn,0.00242389073627,0.000110805327891
turned,0.000553913479718,-0.00124191729197
tv,0.000374387441578,0.000139652976132
tw,0.00184414290581,0.0009832261666
tying,0.00150940309109,-0.00138582152944
tyveck,0.000988480870045,-0.000748040129542
tyvek,0.00122601812222,-0.00101196701673
ufer,0.00343017405996,6.38878482879e-05
ug,0.000871726850008,-0.00107728515827
umc,0.0382334154452,-0.0328302191243
unable,0.00259699714984,-0.00342103561213
uncover,0.00054006440882,0.00032334903335
underground,0.000178866598184,-9.44520597604e-05
underlayment,0.0187768046845,-0.00157856949482
underlayments,0.00105100653182,0.000214967227852
unit,0.0318129362117,-6.67219867692e-05
united,0.000305657544295,-2.13272271486e-05
units,0.0313629106746,-0.00411432283858
unload,0.0162892928558,-0.0104057076214
unloaded,0.00709436533062,-0.00541567031694
unsafe,0.000585914801692,0.000461344656643
upkeep,0.000479035922532,-0.000686025834282
upper,0.00120162342446,-0.00157106501343
ups,0.0103582041748,-0.00888328609074
upstairs,0.00113727122509,-0.000372754756706
usace,0.000582824732001,8.52621200339e-05
utah,0.0699403418649,0.00332646758382
utilities,0.0158736985688,-0.0147663284233
utility,0.00217170605445,-0.00249698811682
vacuum,0.00278736915378,-0.00372651641243
valley,0.00149199046352,-0.00094857057993
valve,0.00953834058428,-0.00924957517003
valves,0.00606297024389,-0.00256610748933
van,0.00103615358356,-0.000969327215781
vanities,0.00300185443477,-0.00559517060902
vanity,0.00622470812461,-0.00488067043267
vapo,0.00023071167651,3.40990585796e-05
vapor,0.00523140580957,-0.00208537298168
varlow,0.000923628309914,-0.00108117786099
vault,0.00101403692664,-0.000178803306364
vaults,0.00132128199904,-0.000805322835733
vendor,0.000252338096809,8.87347926595e-05
veneer,0.00054054013785,-0.000337460119208
vent,0.0122537494092,0.00474013938132
vented,0.00126320344612,0.00132601277484
ventilation,0.000775775346063,-0.00122680211144
venting,0.00149421682033,-0.000426044754028
vents,0.00316207168635,-0.0013531401266
vermeer,0.000147573115169,0.000115521469423
view,0.00194940591406,0.000464896843022
vinyl,0.0783079978323,-0.0410230764838
visit,0.000139772995322,-0.000110674918613
wait,0.000139772995322,-0.000110674918613
waited,0.000122218315859,-4.85000677652e-05
walks,0.000471265273761,7.69417300932e-05
wall,0.00145404189749,-0.00141657259902
walls,0.00245038130681,-0.000549045700209
warranty,0.00815008736716,0.0110233182748
wash,0.00250570721272,0.000819669142832
washed,0.000630241790316,0.000892854900059
waste,0.00137194569254,-0.000841443185914
water,0.0153109659863,0.0248037183386
watered,0.000999060514182,0.00334185776122
watering,0.00485460662712,0.0102794897975
wbm,0.0251849740499,-0.00666338192731
weather,0.192683812762,0.127585919076
wednesday,0.00155187693233,-0.000450595386209
west,0.0290507759112,-0.0205349578672
western,0.0733275174186,0.0621676215916
wh,0.00146612468953,-0.00142675736258
williams,8.53698778532e-05,4.48278931744e-05
wind,0.093083155763,0.0636225576648
window,0.00613415324467,0.00121423148162
windows,0.00272118099554,-0.0041890489228
wire,0.00151895414024,0.000151349181063
work,0.037255432788,0.0458315863753
worked,0.0278731747158,0.00931894827795
worker,0.000705563244418,-0.000335275137974
workers,7.34280396488e-05,5.11665903636e-05
working,0.00116321432219,-0.00155408831424
workman,0.000758250042478,0.000247493434189
xfmer,0.000750045443311,-0.000739092776434
xfmers,0.000350782023289,-0.000362420819438
yard,0.0155912333345,-0.0248556911879
yardage,0.000240435700101,-0.000129480505743
yards,0.0194239085095,-0.0293347127519
zone,0.000637315864107,0.000101886328787
